{
  "id": "1550077",
  "name": "godaddy",
  "font_family": "iconfont",
  "css_prefix_text": "icon-",
  "description": "",
  "glyphs": [
    {
      "icon_id": "1228433",
      "name": "phone",
      "font_class": "phone",
      "unicode": "e6c2",
      "unicode_decimal": 59074
    },
    {
      "icon_id": "2402040",
      "name": "箭头",
      "font_class": "jiantou",
      "unicode": "e612",
      "unicode_decimal": 58898
    },
    {
      "icon_id": "4251728",
      "name": "购物车",
      "font_class": "gouwuche",
      "unicode": "e63f",
      "unicode_decimal": 58943
    }
  ]
}
